model,seed,best_epoch,val_macro_f1,macro_f1,accuracy,params,train_time_s,checkpoint,precision,size_kb,latency_med_ms,latency_p95_ms,quantised_layers,not_quantised_layers
rnn,1,16,0.937,0.9115,0.9078,13510,,checkpoints\rnn_seed1.pt,fp32,56.8,2.661,3.65,,
rnn,1,16,0.937,0.9115,0.9078,13510,,checkpoints\rnn_seed1.pt,int8,56.4,2.887,3.687,Linear,RNN
rnn,2,12,0.965,0.9207,0.9153,13510,,checkpoints\rnn_seed2.pt,fp32,56.8,2.718,3.79,,
rnn,2,12,0.965,0.9212,0.9158,13510,,checkpoints\rnn_seed2.pt,int8,56.4,2.884,3.648,Linear,RNN
rnn,3,17,0.9311,0.9401,0.9366,13510,,checkpoints\rnn_seed3.pt,fp32,56.8,2.773,3.715,,
rnn,3,17,0.9311,0.9401,0.9366,13510,,checkpoints\rnn_seed3.pt,int8,56.4,2.95,3.764,Linear,RNN
lstm,1,8,0.9465,0.9518,0.9473,52870,,checkpoints\lstm_seed1.pt,fp32,210.6,1.115,1.569,,
lstm,1,8,0.9465,0.9524,0.9478,52870,,checkpoints\lstm_seed1.pt,int8,60.1,23.658,25.687,LSTM;Linear,
lstm,2,9,0.9411,0.9518,0.9473,52870,,checkpoints\lstm_seed2.pt,fp32,210.6,1.227,1.936,,
lstm,2,9,0.9411,0.9518,0.9473,52870,,checkpoints\lstm_seed2.pt,int8,60.1,30.853,52.023,LSTM;Linear,
lstm,3,28,0.9629,0.9579,0.9531,52870,,checkpoints\lstm_seed3.pt,fp32,210.6,1.34,1.915,,
lstm,3,28,0.9629,0.9574,0.9526,52870,,checkpoints\lstm_seed3.pt,int8,60.1,30.586,49.626,LSTM;Linear,
gru,1,21,0.9708,0.9599,0.9552,39750,,checkpoints\gru_seed1.pt,fp32,159.3,9.792,14.933,,
gru,1,21,0.9708,0.9576,0.9526,39750,,checkpoints\gru_seed1.pt,int8,46.5,27.882,43.28,GRU;Linear,
gru,2,13,0.9747,0.9573,0.9526,39750,,checkpoints\gru_seed2.pt,fp32,159.3,9.81,14.976,,
gru,2,13,0.9747,0.9568,0.9521,39750,,checkpoints\gru_seed2.pt,int8,46.5,27.869,42.2,GRU;Linear,
gru,3,8,0.9445,0.9552,0.9505,39750,,checkpoints\gru_seed3.pt,fp32,159.3,8.96,14.906,,
gru,3,8,0.9445,0.9547,0.9499,39750,,checkpoints\gru_seed3.pt,int8,46.5,29.938,46.849,GRU;Linear,
cnn1d,1,8,0.977,0.9455,0.9393,24134,,checkpoints\cnn1d_seed1.pt,fp32,101.0,0.569,0.692,,
cnn1d,1,8,0.977,0.946,0.9398,24134,,checkpoints\cnn1d_seed1.pt,int8,100.6,0.751,1.944,Linear,
cnn1d,2,3,0.977,0.9566,0.9515,24134,,checkpoints\cnn1d_seed2.pt,fp32,101.0,0.437,0.56,,
cnn1d,2,3,0.977,0.9566,0.9515,24134,,checkpoints\cnn1d_seed2.pt,int8,100.6,0.587,0.84,Linear,
cnn1d,3,5,0.9798,0.9527,0.9473,24134,,checkpoints\cnn1d_seed3.pt,fp32,101.0,0.397,0.56,,
cnn1d,3,5,0.9798,0.9527,0.9473,24134,,checkpoints\cnn1d_seed3.pt,int8,100.6,0.612,0.917,Linear,
